Exposure (Taxonomy),OR (95% CI),Effect Size ($\beta$),Standard Error (SE),P-value,nSNP,Cochran's Q,Q P-value
class Actinobacteria,1.34 (1.08–1.65),0.2909,0.1072,0.0067,15,30.35,0.0068
order Enterobacteriales,1.76 (1.16–2.67),0.5661,0.2119,0.0076,7,20.99,0.0018
family Enterobacteriaceae,1.76 (1.16–2.67),0.5661,0.2119,0.0076,7,20.99,0.0018
order Methanobacteriales,1.13 (1.03–1.25),0.1262,0.0492,0.0103,10,4.99,0.8355
class Methanobacteria,1.13 (1.03–1.25),0.1262,0.0492,0.0103,10,4.99,0.8355
family Methanobacteriaceae,1.13 (1.03–1.25),0.1262,0.0492,0.0103,10,4.99,0.8355
phylum Bacteroidetes,0.77 (0.63–0.94),-0.2614,0.1027,0.0109,10,4.82,0.8500
family Bifidobacteriaceae,1.38 (1.07–1.78),0.3251,0.1292,0.0119,13,34.93,4.80e-04
order Bifidobacteriales,1.38 (1.07–1.78),0.3251,0.1292,0.0119,13,34.93,4.80e-04
genus Ruminococcus2,0.84 (0.73–0.96),-0.1732,0.0695,0.0127,15,10.29,0.7405
class Coriobacteriia,1.25 (1.04–1.49),0.2196,0.0916,0.0165,16,18.61,0.2321
order Coriobacteriales,1.25 (1.04–1.49),0.2196,0.0916,0.0165,16,18.61,0.2321
family Coriobacteriaceae,1.25 (1.04–1.49),0.2196,0.0916,0.0165,16,18.61,0.2321
family Acidaminococcaceae,0.81 (0.67–0.96),-0.2167,0.0919,0.0184,7,4.66,0.5875
genus FamilyXIIIAD3011group,0.79 (0.65–0.96),-0.2363,0.1017,0.0202,13,18.42,0.1036
order Bacteroidales,0.81 (0.67–0.97),-0.2144,0.0965,0.0262,12,9.01,0.6211
class Bacteroidia,0.81 (0.67–0.97),-0.2144,0.0965,0.0262,12,9.01,0.6211
genus RuminococcaceaeUCG010,1.26 (1.01–1.58),0.2339,0.1151,0.0422,6,5.97,0.3087
genus Roseburia,0.80 (0.65–1.00),-0.2184,0.1106,0.0484,14,20.36,0.0866
