time,position,time,position,time,position,time,position,time,position
0.72,0.22,0.44,0.216,0,0.218,0.44,0.222,0.4,0.217
0.74,0.22,0.46,0.216,0.02,0.219,0.46,0.222,0.42,0.217
0.76,0.221,0.48,0.216,0.04,0.219,0.48,0.222,0.44,0.218
0.78,0.22,0.5,0.218,0.06,0.219,0.5,0.223,0.46,0.22
0.8,0.221,0.52,0.219,0.08,0.219,0.52,0.223,0.48,0.221
0.82,0.22,0.54,0.218,0.1,0.219,0.54,0.223,0.5,0.221
0.84,0.221,0.56,0.22,0.12,0.219,0.56,0.223,0.52,0.223
0.86,0.222,0.58,0.222,0.14,0.219,0.58,0.223,0.54,0.224
0.88,0.223,0.6,0.222,0.16,0.219,0.6,0.223,0.56,0.224
0.9,0.223,0.62,0.225,0.18,0.219,0.62,0.223,0.58,0.225
0.92,0.222,0.64,0.226,0.2,0.219,0.64,0.223,0.6,0.225
0.94,0.226,0.66,0.228,0.22,0.219,0.66,0.223,0.62,0.225
0.96,0.226,0.68,0.23,0.24,0.219,0.68,0.223,0.64,0.226
0.98,0.228,0.7,0.232,0.26,0.22,0.7,0.224,0.66,0.225
1,0.231,0.72,0.235,0.28,0.22,0.72,0.224,0.68,0.226
1.02,0.233,0.74,0.236,0.3,0.221,0.74,0.224,0.7,0.226
1.04,0.235,0.76,0.239,0.32,0.221,0.76,0.226,0.72,0.226
1.06,0.238,0.78,0.241,0.34,0.222,0.78,0.226
1.08,0.242,0.8,0.244,0.36,0.222,0.8,0.226
1.1,0.245,0.82,0.247,0.38,0.223,0.82,0.227
1.12,0.25,0.84,0.249,0.4,0.224,0.84,0.228
1.14,0.253,0.86,0.252,0.42,0.224,0.86,0.228
1.16,0.257,0.88,0.255,0.44,0.225,0.88,0.229
1.18,0.261,0.9,0.257,0.46,0.226,0.9,0.229
1.2,0.265,0.92,0.259,0.48,0.227,0.92,0.229
1.22,0.268,0.94,0.262,0.5,0.228,0.94,0.23
1.24,0.273,0.96,0.265,0.52,0.229,0.96,0.23
1.26,0.278,0.98,0.268,0.54,0.23,0.98,0.23
1.28,0.283,1,0.271,0.56,0.231,1,0.231
1.3,0.289,1.02,0.274,0.58,0.232,1.02,0.23
1.32,0.295,1.04,0.278,0.6,0.233,1.04,0.231
1.34,0.301,1.06,0.281,0.62,0.234,1.06,0.231
1.36,0.307,1.08,0.285,0.64,0.235,1.08,0.231
1.38,0.314,1.1,0.289,0.66,0.236,1.1,0.231
1.4,0.32,1.12,0.293,0.68,0.238,1.12,0.231
1.42,0.327,1.14,0.297,0.7,0.238,1.14,0.231
1.44,0.335,1.16,0.301,0.72,0.239,1.16,0.231
1.46,0.343,1.18,0.305,0.74,0.24,1.18,0.231
1.48,0.351,1.2,0.31,0.76,0.241,1.2,0.231
1.5,0.359,1.22,0.314,0.78,0.242,1.22,0.231
1.52,0.366,1.24,0.319,0.8,0.242,1.24,0.231
1.54,0.375,1.26,0.323,0.82,0.243,1.26,0.231
1.56,0.383,1.28,0.328,0.84,0.244,1.28,0.231
1.58,0.392,1.3,0.334,0.86,0.245,1.3,0.231
1.6,0.4,1.32,0.339,0.88,0.245,1.32,0.231
1.62,0.409,1.34,0.344,0.9,0.245,1.34,0.231
1.64,0.418,1.36,0.349,0.92,0.246,1.36,0.231
1.66,0.428,1.38,0.354,0.94,0.247,1.38,0.231
1.68,0.437,1.4,0.359,0.96,0.247,1.4,0.232
1.7,0.447,1.42,0.364,0.98,0.248,1.42,0.232
1.72,0.458,1.44,0.369,1,0.248,1.44,0.232
1.74,0.468,1.46,0.375,1.02,0.248,1.46,0.232
1.76,0.479,1.48,0.38,1.04,0.249,1.48,0.232
1.78,0.49,1.5,0.386,1.06,0.25
1.8,0.501,1.52,0.392,1.08,0.25
1.82,0.513,1.54,0.397,1.1,0.25
1.84,0.525,1.56,0.403,1.12,0.25
1.86,0.537,1.58,0.409,1.14,0.25
1.88,0.55,1.6,0.415,1.16,0.25
1.9,0.563,1.62,0.421,1.18,0.25
1.92,0.576,1.64,0.428,1.2,0.251
1.94,0.592,1.66,0.435,1.22,0.252
1.96,0.605,1.68,0.441,1.24,0.252
1.98,0.619,1.7,0.448,1.26,0.253
2,0.634,1.72,0.455,1.28,0.253
2.02,0.648,1.74,0.462,1.3,0.254
2.04,0.663,1.76,0.469,1.32,0.255
2.06,0.678,1.78,0.476,1.34,0.256
2.08,0.694,1.8,0.484,1.36,0.256
2.1,0.709,1.82,0.491,1.38,0.257
2.12,0.725,1.84,0.499,1.4,0.257
2.14,0.741,1.86,0.507,1.42,0.258
2.16,0.758,1.88,0.515,1.44,0.258
2.18,0.775,1.9,0.523,1.46,0.259
2.2,0.792,1.92,0.532,1.48,0.259
2.22,0.809,1.94,0.541,1.5,0.26
2.24,0.826,1.96,0.55,1.52,0.26
2.26,0.844,1.98,0.559,1.54,0.261
2.28,0.862,2,0.569,1.56,0.261
2.3,0.88,2.02,0.579,1.58,0.261
2.32,0.899,2.04,0.589,1.6,0.261
2.34,0.917,2.06,0.599,1.62,0.262
2.36,0.937,2.08,0.61,1.64,0.262
2.38,0.956,2.1,0.62,1.66,0.262
2.4,0.976,2.12,0.63,1.68,0.263
2.42,0.996,2.14,0.641,1.7,0.263
2.44,1.016,2.16,0.651,1.72,0.264
2.46,1.037,2.18,0.662,1.74,0.264
2.48,1.059,2.2,0.673,1.76,0.265
2.5,1.081,2.22,0.684,1.78,0.265
2.24,0.695,1.8,0.265
2.26,0.706,1.82,0.266
2.28,0.717,1.84,0.266
2.3,0.728,1.86,0.266
2.32,0.74,1.88,0.267
2.34,0.752,1.9,0.267
2.36,0.764,1.92,0.268
2.38,0.776,1.94,0.268
2.4,0.788,1.96,0.269
2.42,0.801,1.98,0.269
2.44,0.813,2,0.27
2.46,0.825,2.02,0.27
2.48,0.838,2.04,0.27
2.5,0.85,2.06,0.271
2.52,0.863,2.08,0.271
2.54,0.877,2.1,0.272
2.56,0.89,2.12,0.272
2.58,0.903,2.14,0.273
2.6,0.917,2.16,0.273
2.62,0.931,2.18,0.274
2.64,0.944,2.2,0.274
2.66,0.958,2.22,0.275
2.68,0.973,2.24,0.276
2.7,0.987,2.26,0.277
2.72,1.001,2.28,0.277
2.74,1.016,2.3,0.278
2.32,0.279
2.34,0.279
2.36,0.28
2.38,0.281
2.4,0.282
2.42,0.283
2.44,0.284
2.46,0.285
2.48,0.286
2.5,0.287
2.52,0.288
2.54,0.289
2.56,0.291
2.58,0.292
2.6,0.293
2.62,0.294
2.64,0.295
2.66,0.296
2.68,0.298
2.7,0.299
2.72,0.3
2.74,0.301
2.76,0.302
2.78,0.303
2.8,0.304
2.82,0.305
2.84,0.306
2.86,0.307
2.88,0.308
2.9,0.309
2.92,0.309
2.94,0.31
2.96,0.311
2.98,0.312
3,0.312
3.02,0.313
3.04,0.314
3.06,0.314
3.08,0.315
3.1,0.316
3.12,0.316
3.14,0.317
3.16,0.318
3.18,0.319
3.2,0.32
3.22,0.32
3.24,0.321
3.26,0.322
3.28,0.322
3.3,0.323
3.32,0.324
3.34,0.325
3.36,0.326
3.38,0.326
3.4,0.327
3.42,0.328
3.44,0.329
3.46,0.329
3.48,0.33
3.5,0.331
3.52,0.332
3.54,0.332
3.56,0.333
3.58,0.334
3.6,0.334
3.62,0.335
3.64,0.336
3.66,0.337
3.68,0.337
3.7,0.338
3.72,0.339
3.74,0.34
3.76,0.341
3.78,0.341
3.8,0.342
3.82,0.343
3.84,0.344
3.86,0.345
3.88,0.346
3.9,0.347
3.92,0.348
3.94,0.349
3.96,0.35
3.98,0.351
4,0.352
4.02,0.353
4.04,0.354
4.06,0.355
4.08,0.356
4.1,0.357
4.12,0.358
4.14,0.359
4.16,0.361
4.18,0.362
4.2,0.363
4.22,0.364
4.24,0.365
4.26,0.366
4.28,0.367
4.3,0.368
4.32,0.369
4.34,0.37
4.36,0.371
4.38,0.373
4.4,0.374
4.42,0.375
4.44,0.376
4.46,0.377
4.48,0.378
4.5,0.38
4.52,0.381
4.54,0.382
4.56,0.383
4.58,0.385
4.6,0.386
4.62,0.388
4.64,0.389
4.66,0.391
4.68,0.392
4.7,0.394
4.72,0.394
4.74,0.396
4.76,0.398
4.78,0.399
4.8,0.401
4.82,0.403
4.84,0.404
4.86,0.406
4.88,0.407
4.9,0.409
4.92,0.41
4.94,0.412
4.96,0.414
4.98,0.415
5,0.417
5.02,0.419
5.04,0.421
5.06,0.423
5.08,0.425
5.1,0.427
5.12,0.429
5.14,0.431
5.16,0.433
5.18,0.435
5.2,0.437
5.22,0.439
5.24,0.442
5.26,0.444
5.28,0.446
5.3,0.449
5.32,0.451
5.34,0.453
5.36,0.456
5.38,0.458
5.4,0.461
5.42,0.463
5.44,0.466
5.46,0.468
5.48,0.471
5.5,0.474
5.52,0.476
5.54,0.479
5.56,0.482
5.58,0.485
5.6,0.487
5.62,0.49
5.64,0.493
5.66,0.495
5.68,0.498
5.7,0.501
5.72,0.503
5.74,0.506
5.76,0.509
5.78,0.512
5.8,0.515
5.82,0.519
5.84,0.522
5.86,0.526
5.88,0.529
5.9,0.533
5.92,0.537
5.94,0.54
5.96,0.544
5.98,0.548
6,0.552
6.02,0.556
6.04,0.56
6.06,0.565
6.08,0.569
6.1,0.574
6.12,0.579
6.14,0.583
6.16,0.588
6.18,0.593
6.2,0.598
6.22,0.603
6.24,0.608
6.26,0.613
6.28,0.618
6.3,0.623
6.32,0.628
6.34,0.633
6.36,0.638
6.38,0.643
6.4,0.648
6.42,0.654
6.44,0.659
6.46,0.664
6.48,0.669
6.5,0.675
6.52,0.68
6.54,0.685
6.56,0.69
6.58,0.696
6.6,0.701
6.62,0.706
6.64,0.712
6.66,0.717
6.68,0.723
6.7,0.729
6.72,0.734
6.74,0.74
6.76,0.746
6.78,0.751
6.8,0.757
6.82,0.763
6.84,0.769
6.86,0.775
6.88,0.78
6.9,0.787
6.92,0.792
6.94,0.798
6.96,0.805
6.98,0.811
7,0.816
7.02,0.821
7.04,0.827
7.06,0.833
7.08,0.839
7.1,0.845
7.12,0.851
7.14,0.857
7.16,0.863
7.18,0.869
7.2,0.875
7.22,0.881
7.24,0.887
7.26,0.894
7.28,0.9
7.3,0.906
7.32,0.912
7.34,0.918
7.36,0.924
7.38,0.93
7.4,0.936
7.42,0.943
7.44,0.949
7.46,0.955
7.48,0.961
7.5,0.968
7.52,0.974
7.54,0.98
7.56,0.986
7.58,0.992
7.6,0.997
7.62,1.001
7.64,1.004
7.66,1.006
7.68,1.007